"NOTSA	IRAN	Q1	OUTBOUND	10. Jan	32-72	OIII, OIEE	Widebody					"
"		LOVID	IRAN	Q1	OUTBOUND	10. Jan	33-72	OITT	Widebody					"
"		ROVON	IRAN	Q1	OUTBOUND	10. Jan	33-72	OITT	Widebody					"
"		TOTBO	IRAN	Q1	OUTBOUND	10. Jan	33-72	OITT	Widebody					"
"		BONAM	TURKEY	UG81, UL124	OUTBOUND	10. Jan	33-72	OITT	Widebody					"
"		RADID	IRAN	W3	OUTBOUND	10. Jan	16-72	OKBK, OBBI, OTBD	Widebody					"
"		MESVI	IRAN	UL223	OUTBOUND	10. Jan	16-72	OKBK, OBBI, OTBD	Widebody					"
"		RETAS	OMAN	N318, R685	OUTBOUND	10. Jan	Mai 72	OMAA, OMAL, OOMS	Widebody					"
"		EGROK	OMAN	N318, R685	OUTBOUND	10. Jan	Mai 72	OMAA, OMAL, OOMS	Widebody					"
"		MEKNA	OMAN	N318, R685	OUTBOUND	10. Jan	Mai 72	OMAA, OMAL, OOMS	Widebody					"
"		LAKLU	OMAN	N318, R685	OUTBOUND	10. Jan	Mai 72	OMAA, OMAL, OOMS	Widebody					"
"		GEVED	OMAN	N318, R685	OUTBOUND	10. Jan	Mai 72	OMAA, OMAL, OOMS	Widebody					"
"		PAXIM	OMAN	P899, T506, N563	INBOUND	10. Jan	Juni 72	OMAA, OMAL, OOMS	Widebody					"
"		MEKNA	OMAN	P899, T506, N563	INBOUND	10. Jan	Juni 72	OMAA, OMAL, OOMS	Widebody					"
"		TULBU	OMAN	P899, T506, N563	INBOUND	10. Jan	Juni 72	OMAA, OMAL, OOMS	Widebody					"
"		MIXAM	OMAN	P899, T506, N563	INBOUND	10. Jan	Juni 72	OMAA, OMAL, OOMS	Widebody					"
"		PAXIM	OMAN	L764	INBOUND	10. Jan	Juli 72	OMAA, OMAL, OOMS	Widebody					"
"		IVETO	OMAN	L764	INBOUND	10. Jan	Juli 72	OMAA, OMAL, OOMS	Widebody					"
"		LAGSA	IRAN	R659	OUTBOUND	10. Jan	Aug 72	OISS, OIFM	Widebody					"
"		KAVOT	IRAN	R659	OUTBOUND	10. Jan	Aug 72	OISS, OIFM	Widebody					"
"		KAVOT	IRAN	R659	OUTBOUND	10. Jan	Sep 72	OIFM	Widebody					"
"		DAPOG	IRAN	R659	OUTBOUND	10. Jan	Sep 72	OIFM	Widebody					"
"		LAGSA	IRAN	R659	OUTBOUND	10. Jan	Okt 72	OISS	Widebody					"
"		KAVOT	IRAN	R659	OUTBOUND	10. Jan	Okt 72	OISS	Widebody					"
"		UMH	IRAN	Q1	OUTBOUND	10. Jan	33-72	OITT	Widebody					"
"		MCT	OMAN	N318, R685	OUTBOUND	10. Jan	Mai 72	OMAA, OMAL, OOMS	Widebody					"
"		MCT	OMAN	P899, T506, N563	INBOUND	10. Jan	Juni 72	OMAA, OMAL, OOMS	Widebody					"
"		MCT	OMAN	L764	INBOUND	10. Jan	Juli 72	OMAA, OMAL, OOMS	Widebody					"
"		ISN	IRAN	R659	OUTBOUND	10. Jan	Aug 72	OISS, OIFM	Widebody					"
"		ISN	IRAN	R659	OUTBOUND	10. Jan	Sep 72	OIFM	Widebody					"
"		SYZ	IRAN	R659	OUTBOUND	10. Jan	Okt 72	OISS	Widebody					"
"		ISN	IRAN	R659	OUTBOUND	10. Jan	Nov 72	OIFM	Widebody					"
"		DAPOG	IRAN	R659	OUTBOUND	10. Jan	Nov 72	OIFM	Widebody					"
"		BOXAM	IRAN	R659	OUTBOUND	10. Jan	Nov 72	OIFM	Widebody					"
"		IKA	IRAN	R659	OUTBOUND	10. Jan	Nov 72	OIFM	Widebody					"
"		TRN	IRAN	R659	OUTBOUND	10. Jan	Nov 72	OIFM	Widebody					"
"		LAM	IRAN	UL223	OUTBOUND	10. Jan	Dez 72	OMAA	Widebody					"
"		DASDO	IRAN	UL223	OUTBOUND	10. Jan	Dez 72	OMAA	Widebody					"
"		MESVI	IRAN	UL223	OUTBOUND	10. Jan	Dez 72	OMAA	Widebody					"
"		MESVI	IRAN	UL223	OUTBOUND	10. Jan	13-72	OKBK, OBBI, OTBD, OEDF	Widebody					"
"		ALTAX	IRAN	UL223	OUTBOUND	10. Jan	13-72	OKBK, OBBI, OTBD, OEDF	Widebody					"
"		SNJ	IRAN	UL223	OUTBOUND	10. Jan	13-72	OKBK, OBBI, OTBD, OEDF	Widebody					"
"		SNJ	IRAN/TURKEY	UL223, UL124	OUTBOUND	10. Jan	14-72	OITT	Widebody					"
"		UMH	IRAN/TURKEY	UL223, UL124	OUTBOUND	10. Jan	14-72	OITT	Widebody					"
"		VAN	IRAN/TURKEY	UL223, UL124	OUTBOUND	10. Jan	14-72	OITT	Widebody					"
"		MOBON	IRAN	W10, W3	OUTBOUND	10. Jan	15-72	OISS, OMSJ, OMDB, OMAA	Widebody					"
"		SYZ	IRAN	W10, W3	OUTBOUND	10. Jan	15-72	OISS, OMSJ, OMDB, OMAA	Widebody					"
"		RADID	IRAN	W10, W3	OUTBOUND	10. Jan	15-72	OISS, OMSJ, OMDB, OMAA	Widebody					"
"		RADID	IRAN	W3, UL223	OUTBOUND	10. Jan	16-72	OKBK, OBBI, OTBD, OEDF	Widebody					"
"		MESVI	IRAN	W3, UL223	OUTBOUND	10. Jan	16-72	OKBK, OBBI, OTBD, OEDF	Widebody					"
"		ALTAX	IRAN	W3, UL223	OUTBOUND	10. Jan	16-72	OKBK, OBBI, OTBD, OEDF	Widebody					"
"		ZAJ	IRAN	UL125, R661, UL333, R660	OUTBOUND	10. Jan	17-72	OITT	Widebody					"
"		TBZ	IRAN	UL125, R661, UL333, R660	OUTBOUND	10. Jan	17-72	OITT	Widebody					"
"		DASIS	IRAN	UL125, R661, UL333, R660	OUTBOUND	10. Jan	17-72	OITT	Widebody					"
"		SYZ	IRAN	UP574	OUTBOUND	10. Jan	18-72	OISS, OIFM	Widebody					"
"		OBTUX	IRAN	UP574	OUTBOUND	10. Jan	18-72	OISS, OIFM	Widebody					"
"		PEKAM	IRAN	UP574	OUTBOUND	10. Jan	18-72	OISS, OIFM	Widebody					"
"		EGPAT	IRAN	UP574	OUTBOUND	10. Jan	18-72	OISS, OIFM	Widebody					"
"		ISN	IRAN	UP574	OUTBOUND	10. Jan	18-72	OISS, OIFM	Widebody					"
"		ZAJ	IRAN	R661, UL125, G482	OUTBOUND	10. Jan	19-72	OITT	Widebody					"
"		TBZ	IRAN	R661, UL125, G482	OUTBOUND	10. Jan	19-72	OITT	Widebody					"
"		MAGRI	IRAN	R661, UL125, G482	OUTBOUND	10. Jan	19-72	OITT	Widebody					"
"		ZAJ	IRAN	UR654	OUTBOUND	10. Jan	20-72	OITT	Widebody					"
"		MAGRI	IRAN	UP574, R654	OUTBOUND	10. Jan	21-72	OIEE, OIII	Widebody					"
"		PEKAM	IRAN	UP574, R654	OUTBOUND	10. Jan	21-72	OIEE, OIII	Widebody					"
"		SAV	IRAN	UP574, R654	OUTBOUND	10. Jan	21-72	OIEE, OIII	Widebody					"
"		SESBI	IRAN	UP574, R654	OUTBOUND	10. Jan	21-72	OIEE, OIII	Widebody					"
"		LABKA	IRAN	UP574, R654	OUTBOUND	10. Jan	21-72	OIEE, OIII	Widebody					"
"		ZAJ	IRAN	UP574, R654	OUTBOUND	10. Jan	21-72	OIEE, OIII	Widebody					"
"		RADAL	IRAN	N39	OUTBOUND	10. Jan	22-72	OIIE, OIII	Widebody					"
"		NSR	IRAN/AZERBAIJAN/ARMENIA	R661, UL125, L125	OUTBOUND	10. Jan	23-72	UBBN, OITT, UDYZ	Widebody					"
"		TBZ	IRAN/AZERBAIJAN/ARMENIA	R661, UL125, L125	OUTBOUND	10. Jan	23-72	UBBN, OITT, UDYZ	Widebody					"
"		DULAV	IRAN/AZERBAIJAN/ARMENIA	R661, UL125, L125	OUTBOUND	10. Jan	23-72	UBBN, OITT, UDYZ	Widebody					"
"		NEGAN	IRAN/AZERBAIJAN/ARMENIA	R661, UL125, L125	OUTBOUND	10. Jan	23-72	UBBN, OITT, UDYZ	Widebody					"
"		REGBI	IRAN/AZERBAIJAN/ARMENIA	R661, UL125, L125	OUTBOUND	10. Jan	23-72	UBBN, OITT, UDYZ	Widebody					"
"		BND	IRAN	A419	OUTBOUND	10. Jan	24-72	OIKB, OMSJ, OMDB, OMAA, OIKK	Widebody					"
"		TAVNO	IRAN	A419	OUTBOUND	10. Jan	24-72	OIKB, OMSJ, OMDB, OMAA, OIKK	Widebody					"
"		NANTO	IRAN	A419	OUTBOUND	10. Jan	24-72	OIKB, OMSJ, OMDB, OMAA, OIKK	Widebody					"
"		ALMEK	IRAN	A419	OUTBOUND	10. Jan	24-72	OIKB, OMSJ, OMDB, OMAA, OIKK	Widebody					"
"		KER	IRAN	A419	OUTBOUND	10. Jan	24-72	OIKB, OMSJ, OMDB, OMAA, OIKK	Widebody					"
"		KER	IRAN	A419	OUTBOUND	10. Jan	25-72	OIKK	Widebody					"
"		AVGUV	IRAN	A419	OUTBOUND	10. Jan	25-72	OIKK	Widebody					"
"		TBS	IRAN	A419	OUTBOUND	10. Jan	25-72	OIKK	Widebody					"
"		TBS	IRAN/TURKMENISTAN	A419	OUTBOUND	10. Jan	26-72	UTAA	Widebody					"
"		RIKOP	IRAN/TURKMENISTAN	A419	OUTBOUND	10. Jan	26-72	UTAA	Widebody					"
"		ASB	IRAN/TURKMENISTAN	A419	OUTBOUND	10. Jan	26-72	UTAA	Widebody					"
"		BND	IRAN	A453	OUTBOUND	10. Jan	27-72	OIZH, OMAA, OMDB	Widebody					"
"		NABOX	IRAN	A453	OUTBOUND	10. Jan	27-72	OIZH, OMAA, OMDB	Widebody					"
"		ZDN	IRAN	A453	OUTBOUND	10. Jan	27-72	OIZH, OMAA, OMDB	Widebody					"
"		DASDO	IRAN	Q2	OUTBOUND	10. Jan	28-72	OISS, OEDF, OBBI, OTHH, OMAA	Widebody					"
"		YSJ	IRAN	Q2	OUTBOUND	10. Jan	28-72	OISS, OEDF, OBBI, OTHH, OMAA	Widebody					"
"		KASOL	IRAN	Q1	OUTBOUND	10. Jan	29-72	OISS, OEDF, OBBI, OTHH, OMAA	Widebody					"
"		YSJ	IRAN	Q1	OUTBOUND	10. Jan	29-72	OISS, OEDF, OBBI, OTHH, OMAA	Widebody					"
"		SYZ	IRAN	Q1	OUTBOUND	10. Jan	29-72	OISS, OEDF, OBBI, OTHH, OMAA	Widebody					"
"		YSJ	IRAN	Q1	OUTBOUND	10. Jan	30-72	OKBK, OEDF, OBBI, OTHH, OMAA	Widebody					"
"		60NM NW YSJ	IRAN	Q1	OUTBOUND	10. Jan	30-72	OKBK, OEDF, OBBI, OTHH, OMAA	Widebody					"
"		60NM NW YSJ	IRAN	Q1	OUTBOUND	10. Jan	31-72	OKBK, OEDF, OBBI, OTHH, OMAA	Widebody					"
"		NOTSA	IRAN	Q1	OUTBOUND	10. Jan	32-72	OIIE, OIII	Widebody					"
"		LOVID	IRAN	Q1	OUTBOUND	10. Jan	32-72	OIIE, OIII	Widebody					"
"		BND	IRAN	W32	OUTBOUND	10. Jan	34-72	OIKK, OIKB, OMSJ, OMDB, OMAA	Widebody					"
"		SRJ	IRAN	W32	OUTBOUND	10. Jan	34-72	OIKK, OIKB, OMSJ, OMDB, OMAA	Widebody					"
"		DESLA	IRAN	W32	OUTBOUND	10. Jan	34-72	OIKK, OIKB, OMSJ, OMDB, OMAA	Widebody					"
"		DESLA	IRAN	W32	OUTBOUND	10. Jan	35-72	OIFM, OIIE, OIII	Widebody					"
"		YZD	IRAN	W32	OUTBOUND	10. Jan	35-72	OIFM, OIIE, OIII	Widebody					"
"		ANK	IRAN	W32	OUTBOUND	10. Jan	35-72	OIFM, OIIE, OIII	Widebody					"
"		ANK	IRAN	UL125, G208	OUTBOUND	10. Jan	36-72	OIIE, OIII	Widebody					"
"		RADAL	IRAN	UL125, G208	OUTBOUND	10. Jan	36-72	OIIE, OIII	Widebody					"
"		EGPAT	IRAN	UP574, R654, UL124	INBOUND	10. Jan	37-72	OIIE, OIFM	Widebody					"
"		EGVEL	IRAN	UP574, R654, UL124	INBOUND	10. Jan	37-72	OIIE, OIFM	Widebody					"
"		SAV	IRAN	UP574, R654, UL124	INBOUND	10. Jan	37-72	OIIE, OIFM	Widebody					"
"		RUS	IRAN	UP574, R654, UL124	INBOUND	10. Jan	37-72	OIIE, OIFM	Widebody					"
"		KUPTO	IRAN	UP574, G666	INBOUND	10. Jan	38-72	OIFM, OISS	Widebody					"
"		SYZ	IRAN	UP574, G666	INBOUND	10. Jan	38-72	OIFM, OISS	Widebody					"
"		OBTUX	IRAN	UP574, G666	INBOUND	10. Jan	38-72	OIFM, OISS	Widebody					"
"		LOXAK	IRAN	UP574, G666	INBOUND	10. Jan	38-72	OIFM, OISS	Widebody					"
"		EGPAT	IRAN	UP574, G666	INBOUND	10. Jan	38-72	OIFM, OISS	Widebody					"
"		ALRAM	IRAN	Q3	INBOUND	10. Jan	39-72	OITT	Widebody					"
"		KAPES	IRAN	Q3	INBOUND	10. Jan	39-72	OITT	Widebody					"
"		UMH	IRAN	UL223	INBOUND	10. Jan	40-72	OITT	Widebody					"
"		SNJ	IRAN	UL223	INBOUND	10. Jan	40-72	OITT	Widebody					"
"		MESVI	IRAN	UL223	INBOUND	10. Jan	41-72	OKBK, OEDF, OBBI, OTBD	Widebody					"
"		ALTAX	IRAN	UL223	INBOUND	10. Jan	41-72	OKBK, OEDF, OBBI, OTBD	Widebody					"
"		SNJ	IRAN	UL223	INBOUND	10. Jan	41-72	OKBK, OEDF, OBBI, OTBD	Widebody					"
"		MESVI	IRAN	UL223	INBOUND	10. Jan	42-72	OMAA	Widebody					"
"		DASDO	IRAN	UL223	INBOUND	10. Jan	42-72	OMAA	Widebody					"
"		ALTAX	IRAN	UL223	INBOUND	10. Jan	42-72	OMAA	Widebody					"
"		MESVI	IRAN	UL223	INBOUND	10. Jan	43-72	OKBK, OEDF, OBBI, OTBD	Widebody					"
"		RADID	IRAN	UL223	INBOUND	10. Jan	43-72	OKBK, OEDF, OBBI, OTBD	Widebody					"
"		RADID	IRAN	W3, W10	INBOUND	10. Jan	44-72	OISS, OMSJ, OMDB, OMAA	Widebody					"
"		SYZ	IRAN	W3, W10	INBOUND	10. Jan	44-72	OISS, OMSJ, OMDB, OMAA	Widebody					"
"		TAGTA	IRAN	W3, W10	INBOUND	10. Jan	44-72	OISS, OMSJ, OMDB, OMAA	Widebody					"
"		MOBON	IRAN	W3, W10	INBOUND	10. Jan	44-72	OISS, OMSJ, OMDB, OMAA	Widebody					"
"		KER	IRAN	A419	INBOUND	10. Jan	45-72	OIKK, OIKB, OMSJ, OMDB, OMAA	Widebody					"
"		ALMEK	IRAN	A419	INBOUND	10. Jan	45-72	OIKK, OIKB, OMSJ, OMDB, OMAA	Widebody					"
"		NANTO	IRAN	A419	INBOUND	10. Jan	45-72	OIKK, OIKB, OMSJ, OMDB, OMAA	Widebody					"
"		TAVNO	IRAN	A419	INBOUND	10. Jan	45-72	OIKK, OIKB, OMSJ, OMDB, OMAA	Widebody					"
"		BND	IRAN	A419	INBOUND	10. Jan	45-72	OIKK, OIKB, OMSJ, OMDB, OMAA	Widebody					"
"		TBZ	IRAN	UR661, UL125	INBOUND	10. Jan	46-72	OITT	Widebody					"
"		ZAJ	IRAN	UR661, UL125	INBOUND	10. Jan	46-72	OITT	Widebody					"
"		ZAJ	IRAN	R654, UL124	INBOUND	10. Jan	47-72	OIIE, OIII	Widebody					"
"		SESBI	IRAN	R654, UL124	INBOUND	10. Jan	47-72	OIIE, OIII	Widebody					"
"		SAV	IRAN	R654, UL124	INBOUND	10. Jan	47-72	OIIE, OIII	Widebody					"
"		PEKAM	IRAN	R654, UL124	INBOUND	10. Jan	47-72	OIIE, OIII	Widebody					"
"		PEKAM	IRAN	UP574	INBOUND	10. Jan	48-72	OIFM, OISS	Widebody					"
"		EGPAT	IRAN	UP574	INBOUND	10. Jan	48-72	OIFM, OISS	Widebody					"
"		OBTUX	IRAN	UP574	INBOUND	10. Jan	48-72	OIFM, OISS	Widebody					"
"		SYZ	IRAN	UP574	INBOUND	10. Jan	48-72	OIFM, OISS	Widebody					"
"		MAGRI	IRAN	UR654	INBOUND	10. Jan	49-72	OITT	Widebody					"
"		ZAJ	IRAN	UR654	INBOUND	10. Jan	49-72	OITT	Widebody					"
"		ZAJ	IRAN	G482, R661, UL125	INBOUND	10. Jan	50-72	OITT	Widebody					"
"		TBZ	IRAN	G482, R661, UL125	INBOUND	10. Jan	50-72	OITT	Widebody					"
"		MAGRI	IRAN	G482, R661, UL125	INBOUND	10. Jan	50-72	OITT	Widebody					"
"		LABKA	IRAN	UP574, R654, UL124	INBOUND	10. Jan	51-72	OIIE, OIII	Widebody					"
"		SESBI	IRAN	UP574, R654, UL124	INBOUND	10. Jan	51-72	OIIE, OIII	Widebody					"
"		SAV	IRAN	UP574, R654, UL124	INBOUND	10. Jan	51-72	OIIE, OIII	Widebody					"
"		PEKAM	IRAN	UP574, R654, UL124	INBOUND	10. Jan	51-72	OIIE, OIII	Widebody					"
"		NSR	IRAN	N39	INBOUND	10. Jan	52-72	OIIE, OIII	Widebody					"
"		RADAL	IRAN	N39	INBOUND	10. Jan	52-72	OIIE, OIII	Widebody					"
"		KER	IRAN	A419	INBOUND	10. Jan	53-72	OIKK	Widebody					"
"		TBS	IRAN	A419	INBOUND	10. Jan	53-72	OIKK	Widebody					"
"		AVGUV	IRAN	A419	INBOUND	10. Jan	53-72	OIKK	Widebody					"
"		LONIS	YEMEN	UM651	OUTBOUND	10. Jan	54-72	OYAA	Widebody					"
"		KRA	YEMEN	UM651	INBOUND	10. Jan	55-72	OYAA	Widebody					"
"		ALE	SYRIA/TURKEY	UM861	OUTBOUND	10. Jan	56-72	LTAJ, LTAF, LTAC	Widebody					"
"		MILBA	SYRIA/TURKEY	UM861	OUTBOUND	10. Jan	56-72	LTAJ, LTAF, LTAC	Widebody					"
"		TEVDA	SYRIA/TURKEY	UM861	OUTBOUND	10. Jan	56-72	LTAJ, LTAF, LTAC	Widebody					"
"		BELSU	SYRIA/TURKEY	UM861	OUTBOUND	10. Jan	56-72	LTAJ, LTAF, LTAC	Widebody					"
"		BUK	SYRIA/TURKEY	UM861	OUTBOUND	10. Jan	56-72	LTAJ, LTAF, LTAC	Widebody					"
"		PG	PAKISTAN	G325	OUTBOUND	10. Jan	57-72	OPKC	Widebody					"
"		KAREM	PAKISTAN	G325	OUTBOUND	10. Jan	57-72	OPKC	Widebody					"
"		KAREM	PAKISTAN	G325, J215, J133	OUTBOUND	10. Jan	58-72	OPPS, OPRN	Widebody					"
"		REGET	PAKISTAN	G325, J215, J133	OUTBOUND	10. Jan	58-72	OPPS, OPRN	Widebody					"
"		PS	PAKISTAN	G325	OUTBOUND	10. Jan	60-72	OPPS, OPRN	Widebody					"
"		GT	PAKISTAN	G325	OUTBOUND	10. Jan	60-72	OPPS, OPRN	Widebody					"
"		PURPA	PAKISTAN	G325	OUTBOUND	10. Jan	60-72	OPPS, OPRN	Widebody					"
"		PURPA	PAKISTAN	G325, B215	OUTBOUND	10. Jan	62-72	ZWSH, ZWTN	Widebody					"
"		SCH	PAKISTAN	G325, B215	OUTBOUND	10. Jan	62-72	ZWSH, ZWTN	Widebody					"
"		BND	PAKISTAN	A453, J177	OUTBOUND	10. Jan	64-72	OIZH, OMAA, OMDB	Widebody					"
"		NABOX	PAKISTAN	A453, J177	OUTBOUND	10. Jan	64-72	OIZH, OMAA, OMDB	Widebody					"
"		ZDN	PAKISTAN	A453, J177	OUTBOUND	10. Jan	64-72	OIZH, OMAA, OMDB	Widebody					"
"		LAKRA	PAKISTAN	A453, J177	OUTBOUND	10. Jan	64-72	OIZH, OMAA, OMDB	Widebody					"
"		KAREM	PAKISTAN	J145, J165	INBOUND	10. Jan	65-72	OPPS, OPRN	Widebody					"
"		REGET	PAKISTAN	J145, J165	INBOUND	10. Jan	65-72	OPPS, OPRN	Widebody					"
"		KAREM	PAKISTAN	J133, G325, J215	INBOUND	10. Jan	66-72	OPKC	Widebody					"
"		PG	PAKISTAN	J133, G325, J215	INBOUND	10. Jan	66-72	OPKC	Widebody					"
"		SCH	PAKISTAN/CHINA	B215	INBOUND	10. Jan	68-72	ZWSH, ZWTN	Widebody					"
"		PURPA	PAKISTAN/CHINA	B215	INBOUND	10. Jan	68-72	ZWSH, ZWTN	Widebody					"
"		GT	PAKISTAN/CHINA	B215	INBOUND	10. Jan	68-72	ZWSH, ZWTN	Widebody					"
"		PURPA	PAKISTAN	G325	INBOUND	10. Jan	70-72	OPPS, OPRN	Widebody					"
"		GT	PAKISTAN	G325	INBOUND	10. Jan	70-72	OPPS, OPRN	Widebody					"
"		PS	PAKISTAN	G325	INBOUND	10. Jan	70-72	OPPS, OPRN	Widebody					"
"		NARAN	NEPAL/INDIA	L626	INBOUND	10. Jan	72-72	VILK, VIPD	Widebody					"
"		PALPA	NEPAL/INDIA	L626	INBOUND	10. Jan	72-72	VILK, VIPD	Widebody					"
"		SUKET	NEPAL/INDIA	L626	INBOUND	10. Jan	72-72	VILK, VIPD	Widebody					"
"		HW	NEPAL/INDIA	L626	INBOUND	10. Jan	72-72	VILK, VIPD	Widebody					"
"38.594.722.000	41.403.889.000	BAYIR	TURKEY	UG81, UL124	OUTBOUND	10. Feb	Mai 62	LTCC, LTCS	Widebody	10.133-72.png				"
"39.315.278.000	41.451.389.000	KESIR	TURKEY	UL852, UW71	OUTBOUND	10. Feb	Juni 62	LTCE, LTCG	Widebody	10.25-62.png				"
"39.641.667.000	40.692.500.000	ULGAN	TURKEY	UL852	OUTBOUND	10. Feb	Juni 62	LTCE, LTCG	Widebody	10.26-62.png				"
"		BAVTI	TURKEY	UW71, UL851	OUTBOUND	10. Feb	Juni 62	LTCE ,LTCG	Widebody	10.25-62.png				"
"39.291.667.000	42.175.000.000	DORUK	TURKEY	UW71, UL851	OUTBOUND	10. Feb	Juni 62	LTCE, LTCG	Widebody	10.29-62.png				"
"38.465.192.000	43.325.078.000	VAN	TURKEY	UG81, UL124	OUTBOUND	10. Feb	Mai 62	LTCC, LTCS	Widebody					"
"38.465.192.000	43.325.078.000	VAN	TURKEY	UL851, UA4, UL615	OUTBOUND	10. Feb	Juni 62	LTCE, LTCG	Widebody					"
"39.957.500.000	41.207.222.000	ERZ	TURKEY	UW71, UL851	OUTBOUND	10. Feb	Juni 62	LTCE, LTCG	Widebody					"
"40.995.278.000	39.795.556.000	TBN	TURKEY	UW71, UL851	OUTBOUND	10. Feb	Juni 62	LTCE ,LTCG	Widebody					"
"		EZS	TURKEY	UG8, UL614	OUTBOUND	10. Feb	Juli 62	LTAC	Widebody					"
"		GEM	TURKEY	UG8, UL614	OUTBOUND	10. Feb	Juli 62	LTAC	Widebody					"
"		BUK	TURKEY	UG8, UL614	OUTBOUND	10. Feb	Juli 62	LTAC	Widebody					"
"		EZS	TURKEY	W710, UW710	OUTBOUND	10. Feb	Aug 62	LTAC, LTFH, LTCC	Widebody					"
"		SIV	TURKEY	W710, UW710	OUTBOUND	10. Feb	Aug 62	LTAC, LTFH, LTCC	Widebody					"
"		BUK	TURKEY	W710, UW710	OUTBOUND	10. Feb	Aug 62	LTAC, LTFH, LTCC	Widebody					"
"		VAN	TURKEY	UL852	OUTBOUND	10. Feb	Sep 62	LTCE, LTCG	Widebody					"
"		KESIR	TURKEY	UL852	OUTBOUND	10. Feb	Sep 62	LTCE, LTCG	Widebody					"
"		ULGAN	TURKEY	UL852	OUTBOUND	10. Feb	Sep 62	LTCE, LTCG	Widebody					"
"		ULGAN	TURKEY	L852, UL852	OUTBOUND	10. Feb	Okt 62	LTCG, LTFH, LTAC	Widebody					"
"		BALON	TURKEY	L852, UL852	OUTBOUND	10. Feb	Okt 62	LTCG, LTFH, LTAC	Widebody					"
"		CRM	TURKEY	L852, UL852	OUTBOUND	10. Feb	Okt 62	LTCG, LTFH, LTAC	Widebody					"
"		SEHER	TURKEY	L852, UL852	OUTBOUND	10. Feb	Okt 62	LTCG, LTFH, LTAC	Widebody					"
"		ERZ	TURKEY	UW704	OUTBOUND	10. Feb	Nov 62	LTCG	Widebody					"
"		SONAD	TURKEY	UW704	OUTBOUND	10. Feb	Nov 62	LTCG	Widebody					"
"		DASIS	TURKEY	UR660, R660	OUTBOUND	10. Feb	Nov 62	LTCE, LTCG	Widebody					"
"		ERZ	TURKEY	UR660, R660	OUTBOUND	10. Feb	Nov 62	LTCE, LTCG	Widebody					"
"		ERH	TURKEY	W73, UW73	OUTBOUND	10. Feb	13-62	LTAC, LTFH	Widebody					"
"		GEM	TURKEY	W73, UW73	OUTBOUND	10. Feb	13-62	LTAC, LTFH	Widebody					"
"		KABAN	TURKEY	UR21, UM860	OUTBOUND	10. Feb	14-62	LTCC	Widebody					"
"		RENGI	TURKEY	UR21, UM860	OUTBOUND	10. Feb	14-62	LTCC	Widebody					"
"		TALIL	TURKEY	UR21, UM860	OUTBOUND	10. Feb	14-62	LTCC	Widebody					"
"		TALIL	TURKEY	UM860	OUTBOUND	10. Feb	15-62	LTCG, LTFH, LTAC	Widebody					"
"		EBEDI	TURKEY	UM860	OUTBOUND	10. Feb	15-62	LTCG, LTFH, LTAC	Widebody					"
"		ODALI	TURKEY	UM860	OUTBOUND	10. Feb	15-62	LTCG, LTFH, LTAC	Widebody					"
"		CRM	TURKEY	UM860	OUTBOUND	10. Feb	15-62	LTCG, LTFH, LTAC	Widebody					"
"		KABAN	TURKEY	UT334	OUTBOUND	10. Feb	16-62	LTCC	Widebody					"
"		ULSAB	TURKEY	UT334	OUTBOUND	10. Feb	16-62	LTCC	Widebody					"
"		NULRU	TURKEY	UT334	OUTBOUND	10. Feb	16-62	LTCC	Widebody					"
"		KONUK	TURKEY	UW88, W88	OUTBOUND	10. Feb	17-62	LTCE, LTCG, LTFH	Widebody					"
"		TBN	TURKEY	UW88, W88	OUTBOUND	10. Feb	17-62	LTCE, LTCG, LTFH	Widebody					"
"		NULRU	TURKEY	UT334	OUTBOUND	10. Feb	18-62	LTCG, LTAC, LTFH	Widebody					"
"		ELNEM	TURKEY	UT334	OUTBOUND	10. Feb	18-62	LTCG, LTAC, LTFH	Widebody					"
"		ASVOD	TURKEY	UT334	OUTBOUND	10. Feb	18-62	LTCG, LTAC, LTFH	Widebody					"
"		ORVOR	TURKEY	UT334	OUTBOUND	10. Feb	18-62	LTCG, LTAC, LTFH	Widebody					"
"		KABAN	TURKEY	UT334, UG8, UL614	OUTBOUND	10. Feb	19-62	LTCC, LTAF	Widebody					"
"		TAMER	TURKEY	UT334, UG8, UL614	OUTBOUND	10. Feb	19-62	LTCC, LTAF	Widebody					"
"		EZS	TURKEY	UT334, UG8, UL614	OUTBOUND	10. Feb	19-62	LTCC, LTAF	Widebody					"
"		DYB	TURKEY	UP975, UW104, W104	OUTBOUND	10. Feb	20-62	LTCC	Widebody					"
"		EZS	TURKEY	UP975, UW104, W104	OUTBOUND	10. Feb	20-62	LTCC	Widebody					"
"		DYB	TURKEY	W73, UW73	OUTBOUND	10. Feb	21-62	LTCC	Widebody					"
"		ERH	TURKEY	W73, UW73	OUTBOUND	10. Feb	21-62	LTCC	Widebody					"
"		GAZ	TURKEY	UB36, UM854	OUTBOUND	10. Feb	22-62	LTAC	Widebody					"
"		GEM	TURKEY	UB36, UM854	OUTBOUND	10. Feb	22-62	LTAC	Widebody					"
"		GAZ	TURKEY	UL602	INBOUND	10. Feb	23-62	LTAF, LTAC	Widebody					"
"		SULAK	TURKEY	UL602	INBOUND	10. Feb	23-62	LTAF, LTAC	Widebody					"
"		BELSU	TURKEY	UL602	INBOUND	10. Feb	23-62	LTAF, LTAC	Widebody					"
"		BUK	TURKEY	UL602	INBOUND	10. Feb	23-62	LTAF, LTAC	Widebody					"
"		GAZ	TURKEY	UA17, UL605	INBOUND	10. Feb	24-62	LTAF, LTAC	Widebody					"
"		ERHAN	TURKEY	UA17, UL605	INBOUND	10. Feb	24-62	LTAF, LTAC	Widebody					"
"		BELSU	TURKEY	UA17, UL605	INBOUND	10. Feb	24-62	LTAF, LTAC	Widebody					"
"		BAG	TURKEY	UA17, UL605	INBOUND	10. Feb	24-62	LTAF, LTAC	Widebody					"
"		EZS	TURKEY	UG8, UL614	INBOUND	10. Feb	25-62	LTAC	Widebody					"
"		GEM	TURKEY	UG8, UL614	INBOUND	10. Feb	25-62	LTAC	Widebody					"
"		BUK	TURKEY	UG8, UL614	INBOUND	10. Feb	25-62	LTAC	Widebody					"
"		ERN	TURKEY	T31, UT31	INBOUND	10. Feb	26-62	LTCE, LTCG	Widebody					"
"		DASIS	TURKEY	T31, UT31	INBOUND	10. Feb	26-62	LTCE, LTCG	Widebody					"
"		SIV	TURKEY	UT31, T31	INBOUND	10. Feb	27-62	LTAC, LTFH, LTCG, LTCE	Widebody					"
"		ERN	TURKEY	UT31, T31	INBOUND	10. Feb	27-62	LTAC, LTFH, LTCG, LTCE	Widebody					"
"		KONUK	TURKEY	UM860	INBOUND	10. Feb	28-62	LTCE, LTCG	Widebody					"
"		TALIL	TURKEY	UM860	INBOUND	10. Feb	28-62	LTCE, LTCG	Widebody					"
"		RENGI	TURKEY	UM860	INBOUND	10. Feb	28-62	LTCE, LTCG	Widebody					"
"		KONUK	TURKEY	UM860	INBOUND	10. Feb	29-62	LTCG, LTFH, LTCE	Widebody					"
"		ODALI	TURKEY	UM860	INBOUND	10. Feb	29-62	LTCG, LTFH, LTCE	Widebody					"
"		CRM	TURKEY	UM860	INBOUND	10. Feb	29-62	LTCG, LTFH, LTCE	Widebody					"
"		GULRA	TURKEY	UM688	INBOUND	10. Feb	30-62	LTCG, LTFH, LTAC, LTCE	Widebody					"
"		CRM	TURKEY	UM688	INBOUND	10. Feb	30-62	LTCG, LTFH, LTAC, LTCE	Widebody					"
"		INTAB	TURKEY	UM688	INBOUND	10. Feb	30-62	LTCG, LTFH, LTAC, LTCE	Widebody					"
"		SIV	TURKEY	W710, UW710	INBOUND	10. Feb	31-62	LTAC, LTFH, LTCC	Widebody					"
"		EZS	TURKEY	W710, UW710	INBOUND	10. Feb	31-62	LTAC, LTFH, LTCC	Widebody					"
"		RENGI	TURKEY	UM860	INBOUND	10. Feb	32-62	LTCC, LTAF	Widebody					"
"		SRT	TURKEY	UM860	INBOUND	10. Feb	32-62	LTCC, LTAF	Widebody					"
"		GEM	TURKEY	UG8, UL614	INBOUND	10. Feb	33-62	LTAC	Widebody					"
"		EZS	TURKEY	UG8, UL614	INBOUND	10. Feb	33-62	LTAC	Widebody					"
"		INTAB	TURKEY	UM688	INBOUND	10. Feb	34-62	LTCG, LTCE	Widebody					"
"		ERN	TURKEY	UM688	INBOUND	10. Feb	34-62	LTCG, LTCE	Widebody					"
"		EVSAS	TURKEY	UM688	INBOUND	10. Feb	34-62	LTCG, LTCE	Widebody					"
"		BAYIR	TURKEY	UM688	INBOUND	10. Feb	34-62	LTCG, LTCE	Widebody					"
"		BAYIR	TURKEY	UM688	INBOUND	10. Feb	35-62	LTCC	Widebody					"
"		ULTED	TURKEY	UM688	INBOUND	10. Feb	35-62	LTCC	Widebody					"
"		GEM	TURKEY	W73, UW73	INBOUND	10. Feb	36-62	LTAC, LTFH	Widebody					"
"		ERH	TURKEY	W73, UW73	INBOUND	10. Feb	36-62	LTAC, LTFH	Widebody					"
"		EZS	TURKEY	UG8, UL614	INBOUND	10. Feb	37-62	LTCC, LTAF	Widebody					"
"		SRT	TURKEY	UG8, UL614	INBOUND	10. Feb	37-62	LTCC, LTAF	Widebody					"
"		SRT	TURKEY	UG8	INBOUND	10. Feb	38-62	LTCC, LTAF	Widebody					"
"		NARLI	TURKEY	UG8	INBOUND	10. Feb	38-62	LTCC, LTAF	Widebody					"
"		DYB	TURKEY	UG8	INBOUND	10. Feb	38-62	LTCC, LTAF	Widebody					"
"		OTKEP	TURKEY	UG8	INBOUND	10. Feb	38-62	LTCC, LTAF	Widebody					"
"		EZS	TURKEY	UW104, W104	INBOUND	10. Feb	39-62	LTCC	Widebody					"
"		DYB	TURKEY	UW104, W104	INBOUND	10. Feb	39-62	LTCC	Widebody					"
"		KONUK	TURKEY	UW88, W88	INBOUND	10. Feb	40-62	LTCG, LTFH, LTCE	Widebody					"
"		TBN	TURKEY	UW88, W88	INBOUND	10. Feb	40-62	LTCG, LTFH, LTCE	Widebody					"
"		ERH	TURKEY	UW73, W73	INBOUND	10. Feb	41-62	LTCC	Widebody					"
"		DYB	TURKEY	UW73, W73	INBOUND	10. Feb	41-62	LTCC	Widebody					"
"		EZS	TURKEY	UT36, T36	INBOUND	10. Feb	42-62	LTCC	Widebody					"
"		RENGI	TURKEY	UT36, T36	INBOUND	10. Feb	42-62	LTCC	Widebody					"
"		RENGI	TURKEY	UT36, T36	INBOUND	10. Feb	43-62	LTCC, LTAF	Widebody					"
"		ULKEM	TURKEY	UT36, T36	INBOUND	10. Feb	43-62	LTCC, LTAF	Widebody					"
"		ULKEM	TURKEY	UT36	INBOUND	10. Feb	44-62	OITT	Widebody					"
"		UMH	TURKEY	UT36	INBOUND	10. Feb	44-62	OITT	Widebody					"
"		NARLI	TURKEY/IRAN	UG8, G8, G206	INBOUND	10. Feb	45-62	OITT	Widebody					"
"		UMH	TURKEY/IRAN	UG8, G8, G206	INBOUND	10. Feb	45-62	OITT	Widebody					"
"		TBN	TURKEY	UP146, P146	INBOUND	10. Feb	46-62	LTCG, LTCE	Widebody					"
"		YAVUZ	TURKEY	UP146, P146	INBOUND	10. Feb	46-62	LTCG, LTCE	Widebody					"
"		ARI	TURKEY	UP146, P146	INBOUND	10. Feb	46-62	LTCG, LTCE	Widebody					"
"		TBN	TURKEY	UW71, W71, UL851, L851	INBOUND	10. Feb	47-62	LTCG, LTCE	Widebody					"
"		ERZ	TURKEY	UW71, W71, UL851, L851	INBOUND	10. Feb	47-62	LTCG, LTCE	Widebody					"
"		ERZ	TURKEY	UW94, W94	INBOUND	10. Feb	48-62	LTCE, LTCG	Widebody					"
"		ARI	TURKEY	UW94, W94	INBOUND	10. Feb	48-62	LTCE, LTCG	Widebody					"
"		BAG	TURKEY	UA17, UL605	INBOUND	10. Feb	49-62	LTAC, LTAF	Widebody					"
"		ERHAN	TURKEY	UA17, UL605	INBOUND	10. Feb	49-62	LTAC, LTAF	Widebody					"
"		GAZ	TURKEY	UA17, UL605	INBOUND	10. Feb	49-62	LTAC, LTAF	Widebody					"
"		BAG	TURKEY	UL601, UW75	INBOUND	10. Feb	50-62	LTAC, LTAF	Widebody					"
"		SELVI	TURKEY	UL601, UW75	INBOUND	10. Feb	50-62	LTAC, LTAF	Widebody					"
"		ADA	TURKEY	UL601, UW75	INBOUND	10. Feb	50-62	LTAC, LTAF	Widebody					"
"		SRT	TURKEY/IRAQ	UG8, UM688	INBOUND	10. Feb	51-62	LTCC, ORER, ORSU	Widebody					"
"		OTKEP	TURKEY/IRAQ	UG8, UM688	INBOUND	10. Feb	51-62	LTCC, ORER, ORSU	Widebody					"
"		NINVA	TURKEY/IRAQ	UG8, UM688	INBOUND	10. Feb	51-62	LTCC, ORER, ORSU	Widebody					"
"		ROXOP	TURKEY/IRAQ	UG8, UM688	INBOUND	10. Feb	51-62	LTCC, ORER, ORSU	Widebody					"
"		ULTED	TURKEY/IRAQ	M688, UM688	INBOUND	10. Feb	52-62	LTCC, ORER, ORSU	Widebody					"
"		OTKEP	TURKEY/IRAQ	M688, UM688	INBOUND	10. Feb	52-62	LTCC, ORER, ORSU	Widebody					"
"		NINVA	TURKEY/IRAQ	M688, UM688	INBOUND	10. Feb	52-62	LTCC, ORER, ORSU	Widebody					"
"		ROXOP	TURKEY/IRAQ	M688, UM688	INBOUND	10. Feb	52-62	LTCC, ORER, ORSU	Widebody					"
"		ARI	TURKEY/IRAN	UT30, T30, UL333, UR660	INBOUND	10. Feb	53-62	OITT	Widebody					"
"		TBZ	TURKEY/IRAN	UT30, T30, UL333, UR660	INBOUND	10. Feb	53-62	OITT	Widebody					"
"		BAG	TURKEY	UG8, UL614	INBOUND	10. Feb	54-62	LTAC	Widebody					"
"		GEM	TURKEY	UG8, UL614	INBOUND	10. Feb	54-62	LTAC	Widebody					"
"		EZS	TURKEY	UG8, UL614	INBOUND	10. Feb	54-62	LTAC	Widebody					"
"		NARLI	TURKEY/IRAN	UG8, G8, G208	INBOUND	10. Feb	55-62	OITT	Widebody					"
"		UMH	TURKEY/IRAN	UG8, G8, G208	INBOUND	10. Feb	55-62	OITT	Widebody					"
"		SRT	TURKEY	UG8, G8	INBOUND	10. Feb	56-62	LTCC, LTAF	Widebody					"
"		OTKEP	TURKEY	UG8, G8	INBOUND	10. Feb	56-62	LTCC, LTAF	Widebody					"
"		NARLI	TURKEY	UG8, G8	INBOUND	10. Feb	56-62	LTCC, LTAF	Widebody					"
"		ALPS	EUROPEAN ALPS		OUT/INBOUND	10. Feb	58-62		Widebody					"
"		040W	GREENLAND		OUTBOUND	10. Feb	60-62	BIKF, BGSF	Widebody					"
"		024W	GREENLAND		OUTBOUND	10. Feb	60-62	BIKF, BGSF	Widebody					"
"		050W	GREENLAND		OUTBOUND	10. Feb	60-62	BIKF, BGSF	Widebody					"
"		040W	GREENLAND		INBOUND	10. Feb	61-62	BIKF, BGSF	Widebody					"
"		024W	GREENLAND		INBOUND	10. Feb	61-62	BIKF, BGSF	Widebody					"
"		050W	GREENLAND		INBOUND	10. Feb	61-62	BIKF, BGSF	Widebody					"